,Cou,MajorUsCarrier,Weekday,CruisingSpd,AltCat,Intl
894,True,False,0,False,0,True
958,False,True,0,False,1,False
1001,True,False,0,False,0,True
1036,False,True,0,False,0,False
1058,True,False,0,False,0,True
1059,True,False,0,True,1,True
1104,True,False,0,False,1,True
1161,False,True,0,True,2,False
1165,True,False,0,False,0,True
1378,True,False,0,False,0,True
1380,True,False,0,False,0,True
1450,False,True,6,False,0,True
1451,False,True,0,False,0,False
1543,True,False,0,False,0,True
1819,False,True,0,False,1,False
1860,True,False,0,False,0,True
1979,True,False,0,True,1,True
1999,True,False,0,False,0,True
2112,True,False,0,False,0,True
2361,False,True,0,True,1,False
2414,False,True,0,True,1,False
2542,False,True,0,True,2,False
2597,True,False,0,False,0,True
2608,False,True,0,False,0,False
2665,True,False,0,False,1,True
2711,True,False,0,False,0,True
2783,True,False,0,False,0,True
2804,True,False,0,False,0,True
2871,False,True,0,False,0,False
3132,False,True,0,False,1,False
3186,True,False,0,False,0,True
3267,True,False,0,True,1,True
3520,False,True,0,True,2,False
3544,True,False,0,False,0,True
3594,True,False,0,False,0,True
3597,True,False,0,False,1,True
3603,False,True,0,False,0,False
3609,False,True,6,True,1,False
3653,True,False,0,False,0,True
3709,True,False,0,False,0,True
3713,False,True,0,False,0,False
3730,False,True,0,False,0,True
3741,True,False,0,False,0,True
3751,True,False,0,False,0,True
3759,True,False,0,False,0,True
3914,True,False,0,False,0,True
3964,False,True,0,False,1,False
3994,True,False,0,False,0,True
4000,True,False,6,False,0,True
4015,False,True,0,False,0,False
4046,False,True,0,True,2,False
4059,False,True,0,False,0,True
4091,True,False,0,True,1,True
4182,True,False,0,False,0,True
4198,False,True,0,False,1,False
4268,True,False,0,False,0,True
4286,True,False,0,False,1,True
4348,False,True,0,False,0,False
4396,False,True,0,False,1,False
4419,True,False,0,False,0,True
4495,True,False,0,False,0,True
4503,False,True,0,False,0,False
5350,False,True,0,False,0,False
5452,True,False,0,False,0,True
5499,False,True,0,False,1,False
5564,True,False,0,False,0,True
5715,False,True,0,True,2,False
5736,True,False,0,False,0,True
5767,True,False,0,False,1,True
5885,False,True,0,False,0,False
6151,True,False,0,False,0,True
6253,True,False,0,False,0,True
6276,False,True,0,False,0,True
6283,True,False,0,False,0,True
6302,True,False,0,False,0,True
6486,False,True,0,True,1,True
6503,True,False,0,True,1,True
6562,False,True,0,False,1,False
6609,False,True,0,True,1,True
6693,False,True,0,True,1,False
6895,False,True,0,True,2,False
6959,False,True,0,False,0,False
7489,False,True,0,True,2,False
7518,False,True,0,False,1,False
7573,False,True,0,False,1,False
7612,False,True,0,False,1,True
8552,False,True,0,False,0,True
8634,False,True,0,False,0,True
8704,True,False,0,False,0,True
8796,True,False,0,False,1,True
8888,True,False,0,False,0,True
8945,True,False,0,False,0,True
9141,True,False,0,False,0,True
9143,True,False,0,False,0,True
9201,False,True,0,False,0,True
9501,False,True,0,False,0,True
9625,False,True,0,False,0,True
9713,True,False,0,False,1,True
9832,True,False,0,False,0,True
9847,False,True,0,False,0,True
9931,True,False,0,False,0,True
10151,False,True,0,True,1,False
10198,False,True,0,True,1,False
10406,True,False,0,False,0,True
10448,True,False,0,False,0,True
10517,True,False,0,False,0,True
10537,True,False,0,False,0,True
10660,False,True,0,False,0,True
10948,True,False,0,False,1,True
11155,False,True,0,False,0,True
11249,True,False,0,False,0,True
11293,True,False,0,False,0,True
11296,True,False,0,False,0,True
11306,False,True,6,True,2,False
11337,True,False,0,False,0,True
11384,True,False,0,False,0,True
11402,False,True,0,False,0,True
11413,True,False,0,False,0,True
11480,False,True,0,False,0,True
11652,True,False,0,False,0,True
11723,True,False,0,False,0,True
11728,True,False,0,False,1,True
11779,False,True,0,False,0,True
11885,True,False,0,False,0,True
11901,False,True,0,False,1,False
11963,True,False,0,False,0,True
11978,True,False,0,False,0,True
12074,False,True,0,False,1,False
12092,True,False,0,False,0,True
12991,False,True,0,False,0,True
13059,False,True,0,False,0,True
13268,True,False,0,False,1,True
13420,True,False,0,False,0,True
13451,True,False,0,False,0,True
13792,True,False,0,False,0,True
13878,True,False,0,False,0,True
13899,False,True,0,False,0,True
13906,True,False,0,False,0,True
14019,False,True,0,True,1,True
14125,False,True,0,True,1,True
14342,False,True,0,False,1,False
14443,False,True,0,True,1,False
14675,False,True,0,False,0,False
15121,False,True,0,True,2,False
15146,False,True,0,False,1,False
15197,False,True,0,False,1,False
16161,False,False,0,False,0,False
16271,False,True,0,False,0,True
16320,False,True,0,False,0,True
16381,True,False,0,False,0,True
16545,True,False,0,False,0,True
16595,True,False,0,False,0,True
16775,True,False,0,False,0,True
16825,False,True,0,False,0,True
16934,False,True,0,False,0,True
16971,False,False,0,False,0,False
17201,False,True,0,False,0,True
17309,False,True,0,False,0,True
17494,True,False,0,False,0,True
17776,False,True,0,True,1,False
17999,True,False,0,False,0,True
18117,True,False,0,False,0,True
18330,False,True,0,False,0,True
18372,False,False,0,False,0,False
18708,False,True,0,True,2,False
18749,False,True,0,False,0,True
18832,True,False,0,False,0,True
18854,False,True,0,True,1,False
18869,True,False,0,False,0,True
18872,True,False,0,False,0,True
18881,False,True,6,True,1,False
18905,True,False,0,False,0,True
18950,True,False,0,False,0,True
18967,False,True,0,False,0,True
18977,True,False,0,False,2,True
19066,False,False,0,False,0,False
19196,False,True,0,False,0,True
19403,True,False,0,False,0,True
19454,False,True,0,False,0,True
19543,True,False,0,False,0,True
19618,True,False,0,False,0,True
19693,False,True,0,False,1,False
19709,True,False,0,False,0,True
20587,False,False,0,False,0,False
20620,False,False,0,False,0,False
20722,False,True,0,False,0,True
20774,False,True,0,False,0,True
21090,True,False,0,False,0,True
21118,True,False,0,False,0,True
21414,True,False,0,False,0,True
21486,True,False,0,False,0,True
21506,False,True,0,False,0,True
22045,False,True,0,False,2,False
22108,False,True,0,False,1,False
22746,False,True,0,True,1,False
22784,False,True,0,False,1,False
23840,False,False,0,False,1,False
23915,False,True,0,True,1,True
23956,False,True,0,False,0,True
24199,True,False,0,False,0,True
24355,True,False,0,False,0,True
24650,False,False,0,False,0,False
24668,False,True,0,False,0,True
24694,False,False,0,False,1,False
24701,True,False,0,False,0,True
24890,False,True,0,False,0,True
24984,False,True,0,True,1,True
25296,False,True,0,True,2,False
25687,True,False,0,False,0,True
25905,False,False,0,False,0,False
25999,False,True,0,True,1,True
26036,False,False,0,False,1,False
26319,False,True,0,True,2,False
26356,False,True,0,False,0,True
26451,False,True,0,True,1,False
26463,True,False,0,False,0,True
26466,True,False,0,False,0,True
26494,True,False,0,False,0,True
26533,True,False,0,False,0,True
26546,False,True,0,False,0,True
26755,False,False,0,False,0,False
26767,True,False,0,False,0,True
26793,False,False,0,False,1,False
26901,False,True,0,True,1,True
27122,False,True,0,False,0,True
27331,True,False,0,False,0,True
27531,False,False,0,False,1,False
27634,False,True,0,True,1,True
28345,False,False,0,False,0,False
28364,False,False,0,False,1,False
28444,False,True,0,True,1,True
28487,False,True,0,False,0,True
28763,True,False,0,False,0,True
28784,True,False,0,False,0,True
29046,True,False,0,False,0,True
29108,True,False,0,False,0,True
29123,False,True,0,False,0,True
29272,False,True,0,True,1,False
29274,False,True,0,True,1,True
29564,False,False,0,False,0,False
29611,False,True,0,False,1,False
29780,False,True,0,False,2,False
30277,False,True,0,True,2,False
30381,False,True,0,False,1,False
31510,False,False,0,False,1,False
31526,False,False,0,False,1,False
31532,False,True,0,True,2,True
31589,False,True,0,True,1,True
31624,False,True,0,False,0,True
31843,True,False,0,False,0,True
31978,True,False,0,False,0,True
32263,True,False,0,False,0,True
32379,False,False,0,False,1,False
32412,False,False,0,False,1,False
32419,True,False,0,False,0,True
32601,False,True,0,False,0,True
32677,False,True,0,True,1,True
32894,False,True,0,True,2,True
32951,False,True,0,True,2,False
33287,True,False,0,False,0,True
33597,False,False,0,False,1,False
33678,False,True,0,True,1,True
33705,False,False,0,False,1,False
33891,False,True,0,False,0,True
33948,False,True,0,True,2,False
33962,False,True,0,True,2,True
33984,False,True,0,False,0,True
34055,False,True,0,True,0,False
34067,True,False,0,False,0,True
34070,True,False,0,False,0,True
34091,True,False,0,False,0,True
34125,True,False,0,False,0,True
34230,True,False,0,False,0,True
34416,False,False,0,False,1,False
34427,True,False,0,False,0,True
34434,False,True,0,False,2,False
34451,False,False,0,False,1,False
34543,False,True,0,True,1,True
34809,False,True,0,True,2,True
34899,True,False,0,False,0,True
35157,False,False,0,True,1,False
35501,False,True,0,True,2,True
35827,False,True,0,False,0,True
35948,False,True,0,True,2,True
35982,False,False,0,False,1,False
36000,False,False,0,False,1,False
36067,False,True,0,True,1,True
36103,False,True,0,False,0,True
36349,True,False,0,False,0,True
36368,True,False,0,False,0,True
36602,True,False,0,False,0,True
36655,True,False,0,False,0,True
36709,False,True,0,True,2,True
36842,False,True,0,False,0,True
36976,False,True,0,True,2,True
37053,False,True,0,True,2,False
37291,False,True,0,False,1,False
37455,False,True,0,False,2,False
37884,False,True,0,True,2,False
39050,False,True,0,False,0,True
39068,False,True,0,True,2,True
39073,True,False,0,False,0,True
39128,True,False,0,False,0,True
39165,False,False,0,True,1,False
39180,False,False,0,False,1,False
39186,False,True,0,True,2,True
39264,False,True,0,False,0,True
39824,False,True,0,False,0,True
39951,True,False,0,False,0,True
40052,False,False,0,True,1,False
40081,False,False,0,False,1,False
40256,False,True,0,False,0,True
40328,False,True,0,True,2,True
40442,False,True,0,True,2,False
40516,False,True,0,True,2,True
40565,False,True,0,True,1,False
40690,True,False,0,False,1,True
41229,False,False,0,True,1,False
41314,False,False,0,False,1,False
41460,False,True,0,False,0,True
41496,True,False,0,False,1,True
41508,False,True,0,True,2,True
41513,False,True,0,True,1,False
41527,False,True,0,True,2,True
41547,False,True,0,False,0,True
41605,False,True,0,True,0,False
41619,True,False,0,False,0,True
41668,True,False,0,False,0,True
41866,True,False,0,False,0,True
41957,True,False,0,False,1,True
42018,False,False,0,False,1,False
42035,False,True,0,False,1,False
42052,False,False,0,False,1,False
42353,False,True,0,True,2,True
42755,False,False,0,False,1,False
43062,False,True,0,True,2,True
43103,False,True,0,True,2,True
43308,True,False,0,False,1,True
43447,False,True,0,True,2,True
43451,False,True,0,False,0,True
43556,False,True,0,True,2,True
43585,False,False,0,True,1,False
43601,False,False,0,False,1,False
43689,False,True,0,False,0,True
43927,True,False,0,False,0,True
44170,True,False,0,False,0,True
44399,False,True,0,True,1,True
44496,False,True,0,True,2,True
44582,False,True,0,False,0,True
44679,False,True,0,True,2,True
44927,False,False,0,False,0,False
44941,False,True,0,False,1,False
45081,False,True,0,False,1,False
45324,False,True,0,False,2,False
45379,False,False,0,False,0,False
45395,False,True,0,True,1,False
45402,False,True,0,False,2,False
45407,False,True,0,False,2,False
45443,False,True,0,True,2,False
46534,False,True,0,False,0,True
46597,True,False,0,False,1,True
46653,False,True,0,False,0,True
46669,False,True,0,True,2,True
46675,True,False,0,False,0,True
46720,True,False,0,False,0,True
46731,False,True,0,False,0,False
46771,False,True,0,True,2,True
46845,False,True,0,False,0,True
46928,False,True,0,False,0,False
47311,False,True,0,False,0,True
47415,True,False,0,False,0,True
47448,False,True,0,False,0,True
47497,False,True,0,False,1,False
47561,True,False,0,False,0,True
47831,False,True,0,False,0,True
47893,False,True,0,True,2,True
47986,False,True,0,False,0,False
48000,False,True,0,True,2,False
48043,False,True,0,False,0,False
48065,False,True,0,True,2,True
48107,False,True,0,True,1,False
48217,True,False,0,False,1,True
48486,False,True,0,False,0,False
48990,False,True,0,False,0,True
49012,False,True,0,False,0,False
49016,False,True,0,False,0,False
49021,True,False,0,False,1,True
49033,False,True,0,True,2,True
49037,False,True,0,True,1,False
49050,False,True,0,True,2,True
49067,False,True,0,False,0,True
49115,False,True,0,True,0,False
49127,True,False,0,False,0,True
49167,True,False,0,False,0,True
49298,True,False,0,False,0,True
49307,False,True,0,False,0,True
49350,False,True,0,False,0,True
49388,False,True,0,False,0,True
49406,False,True,0,False,2,False
49445,True,False,0,False,0,True
49517,True,False,0,False,1,True
49592,False,True,0,False,1,False
49844,False,True,0,False,0,False
49872,False,True,0,True,2,True
50561,False,True,0,True,2,True
50595,False,True,0,True,2,True
50739,False,True,0,False,0,False
50874,True,False,0,False,1,True
50963,False,True,0,False,0,False
50998,False,True,0,True,2,True
51002,False,True,0,False,0,True
51094,False,True,0,True,2,True
51214,False,True,0,False,0,True
51425,True,False,0,False,0,True
51630,True,False,0,False,0,True
51792,False,True,0,True,2,True
52016,False,True,0,True,2,False
52144,False,True,0,False,1,False
52149,False,True,0,True,2,True
52197,False,False,0,True,2,False
52291,False,True,0,True,2,True
52491,False,False,0,False,0,False
52505,False,True,0,False,1,False
52633,False,True,0,False,1,False
52832,False,True,0,False,2,False
52879,False,False,0,False,0,False
52897,False,True,0,False,2,False
52901,False,True,0,False,2,False
53997,False,True,0,False,0,False
54031,False,True,0,False,0,False
54093,False,True,0,False,1,True
54135,True,False,0,False,1,True
54185,False,True,0,False,0,True
54200,False,True,0,True,2,True
54357,False,True,0,False,0,True
54434,False,True,0,False,0,False
54499,True,False,0,False,0,True
54501,True,False,0,False,1,True
54843,False,True,0,False,0,False
54916,False,True,0,False,1,True
55001,True,False,0,False,0,True
55002,True,False,0,False,0,True
55031,False,True,0,False,0,True
55075,False,True,0,False,1,False
55137,False,True,0,False,0,False
55382,False,True,0,False,0,True
55439,False,True,0,True,2,True
55520,False,True,0,False,0,False
55533,False,True,0,True,1,False
55572,False,True,0,False,0,False
55625,True,False,0,False,1,True
55654,True,False,0,False,0,True
55731,True,False,0,False,1,True
56026,False,True,0,False,0,False
56077,False,True,0,False,0,False
56138,False,True,0,False,1,True
56451,True,False,0,False,0,True
56484,False,True,0,False,0,True
56503,False,True,0,False,0,False
56507,False,True,0,False,0,False
56512,True,False,0,False,1,True
56521,False,True,0,True,2,True
56525,False,True,0,True,1,False
56548,True,False,0,False,0,True
56550,False,True,0,False,0,True
56589,True,False,0,False,1,True
56595,False,True,0,True,0,False
56605,True,False,0,False,0,True
56766,False,True,0,False,0,False
56801,False,True,0,False,0,False
56852,True,False,0,False,0,True
56861,False,True,0,False,1,True
56894,False,True,0,False,0,True
56904,False,True,0,False,0,False
56908,False,True,0,True,2,True
56940,False,True,0,False,1,False
56987,True,False,0,False,1,True
57042,True,False,0,False,1,True
57070,True,False,0,False,0,True
57321,False,True,0,False,0,False
57550,True,False,0,False,1,True
58027,False,True,0,True,2,True
58128,True,False,0,False,1,True
58130,True,False,0,False,0,True
58226,False,True,0,False,0,False
58275,False,True,0,False,0,False
58295,True,False,0,False,0,True
58340,True,False,0,False,0,True
58378,True,False,0,False,1,True
58458,False,True,0,False,0,False
58486,False,True,0,True,2,True
58490,False,True,0,False,0,True
58678,False,True,0,False,0,True
58868,True,False,0,False,0,True
59434,False,True,0,True,2,True
59461,False,True,0,False,1,True
59591,False,True,0,False,1,False
59601,False,True,0,True,2,False
59707,False,True,0,False,1,False
59751,False,False,0,True,2,False
60013,False,True,0,False,1,False
60298,False,True,0,False,1,False
60340,False,False,0,False,0,False
60479,True,False,0,False,1,True
61402,False,True,0,False,0,False
61438,False,True,0,False,0,False
61442,False,True,0,False,0,True
61508,False,True,0,True,1,False
61512,False,True,0,False,0,False
61536,False,True,0,True,1,False
61589,False,True,0,False,1,True
61625,True,False,0,False,1,True
61670,False,True,0,False,0,True
61684,False,True,0,True,2,True
61902,False,True,0,False,0,False
61962,True,False,0,False,0,True
61964,True,False,0,False,0,True
62207,False,True,0,False,0,False
62260,True,False,0,False,0,True
62276,False,True,0,False,0,True
62409,False,True,0,True,1,False
62476,False,True,0,False,1,True
62552,True,False,0,False,0,True
62645,False,True,0,True,1,False
62677,False,True,0,False,0,False
62909,False,True,0,False,0,True
62958,False,True,0,True,2,True
63032,False,True,0,False,0,False
63042,False,True,0,True,1,False
63077,False,True,0,False,0,False
63125,True,False,0,False,0,True
63149,True,False,0,False,0,True
63217,True,False,0,False,1,True
63330,False,True,0,False,0,False
63502,False,True,0,False,0,True
63527,True,False,0,False,0,True
63552,False,True,0,False,0,False
63602,False,True,0,False,0,False
63644,False,True,0,True,1,False
63695,False,True,0,False,1,True
63831,False,True,0,True,1,False
63955,True,False,0,False,0,True
63963,False,True,0,False,0,False
63986,False,True,0,False,0,True
64003,False,True,0,False,0,False
64007,False,True,0,False,0,False
64011,True,False,0,False,1,True
64013,False,True,0,False,1,False
64019,False,True,0,True,2,True
64043,True,False,0,False,0,True
64077,True,False,0,False,0,True
64207,False,True,0,False,0,True
64213,False,True,0,False,0,False
64244,False,True,0,False,0,True
64255,False,True,0,False,0,False
64266,True,False,0,False,0,True
64277,True,False,0,False,0,True
64341,False,True,0,False,0,False
64370,False,True,0,True,1,False
64460,False,True,0,False,0,False
64464,False,True,0,True,2,True
64492,False,True,0,False,1,False
64534,True,False,0,False,0,True
64586,True,False,0,False,1,True
64612,True,False,0,False,0,True
64822,False,True,0,False,0,False
65115,True,False,0,False,1,True
65508,False,True,0,True,2,True
65649,False,True,0,False,0,False
65672,False,True,0,False,0,True
65707,True,False,0,False,0,True
65709,True,False,0,False,0,True
65714,False,True,0,True,1,False
65723,False,True,0,False,0,False
65775,False,True,0,False,0,False
65791,False,True,0,False,0,False
65816,False,True,0,True,1,False
65834,True,False,0,False,0,True
65873,True,False,0,False,0,True
65903,True,False,0,False,1,True
65975,False,True,0,False,0,False
65999,False,True,0,True,2,True
66003,False,True,0,False,0,True
67001,False,True,0,True,2,True
67131,False,True,0,False,1,False
67141,False,True,0,True,1,False
67488,False,True,0,False,1,False
67734,False,True,0,False,1,False
67767,False,False,0,False,0,False
68836,False,True,0,False,0,True
68920,False,True,0,False,1,False
68948,False,True,0,False,0,False
68951,False,True,0,False,1,True
68957,False,True,0,True,1,False
68960,True,False,0,False,1,True
69000,False,True,0,True,1,False
69003,False,True,0,True,1,False
69010,False,True,0,True,2,False
69023,False,True,0,True,1,False
69068,False,True,0,False,1,True
69098,True,False,0,False,0,True
69140,False,True,0,False,0,True
69333,True,False,0,False,0,True
69349,False,True,0,False,0,False
69403,True,False,0,False,0,True
69404,True,False,0,False,0,True
69715,True,False,0,False,0,True
69754,False,True,0,False,1,False
69795,True,False,0,False,1,True
69808,False,True,0,False,1,True
69924,False,True,0,True,1,False
69982,False,True,0,False,1,True
69991,False,True,0,True,2,False
70050,True,False,0,False,0,True
70130,False,True,0,True,1,False
70161,False,True,0,True,1,False
70372,False,True,0,False,0,True
70423,False,True,0,False,0,True
70477,False,True,0,False,0,False
70519,False,True,0,False,0,False
70559,True,False,0,False,0,True
70582,True,False,0,False,0,True
70642,True,False,0,False,0,True
70744,False,True,0,False,0,False
70751,False,True,0,True,1,False
71013,False,True,0,False,1,True
71035,True,False,0,False,1,True
71058,False,True,0,False,1,False
71102,False,True,0,True,1,False
71132,False,True,0,True,1,False
71174,False,True,0,False,1,True
71228,False,True,0,True,2,False
71279,False,True,0,False,0,True
71290,False,True,0,True,1,False
71300,False,True,0,True,1,False
71406,True,False,0,False,0,True
71414,False,True,0,False,0,False
71432,False,True,0,False,0,True
71447,False,True,0,False,0,False
71449,False,True,0,False,0,False
71453,True,False,0,False,0,True
71455,False,True,0,False,1,False
71479,True,False,0,False,0,True
71496,True,False,0,False,0,True
71511,True,False,0,False,0,True
71741,False,True,0,False,0,True
71746,False,True,0,False,1,False
71765,False,True,0,False,1,True
71775,False,True,0,False,0,False
71784,False,True,0,True,1,False
71785,True,False,0,False,1,True
71795,True,False,0,False,0,True
71879,False,True,0,True,1,False
71940,True,False,0,False,0,True
71958,False,True,0,False,0,False
71977,False,True,0,True,2,False
72026,True,False,0,False,0,True
72070,True,False,0,False,0,True
72093,True,False,0,False,0,True
72163,False,True,0,True,1,False
72262,False,True,0,False,0,False
72450,False,True,0,False,1,False
72495,False,True,0,False,0,False
72760,False,True,0,True,1,False
72991,True,False,0,False,0,True
73060,False,True,0,True,2,False
73062,False,True,0,False,0,False
73064,True,False,0,False,0,True
73148,False,True,0,False,1,False
73153,False,True,0,False,0,True
73168,False,True,0,False,1,True
73199,True,False,0,False,0,True
73201,True,False,0,False,1,True
73205,False,True,0,True,1,False
73213,False,True,0,False,0,False
73260,False,True,0,True,1,False
73297,False,True,0,True,1,False
73315,True,False,0,False,0,True
73350,True,False,0,False,0,True
73379,True,False,0,False,0,True
73446,False,True,0,False,0,False
73472,False,True,0,False,0,True
74329,False,True,0,False,1,True
74720,False,True,0,True,1,False
74743,False,True,0,True,2,False
74987,False,True,0,False,0,False
75194,False,False,0,False,0,False
75212,False,False,0,False,0,False
76186,True,False,0,False,0,True
76228,True,False,0,False,0,True
76265,False,True,0,False,0,False
76296,False,True,0,False,0,True
76361,False,True,0,False,1,False
76387,False,True,0,False,0,False
76389,False,True,0,True,1,True
76395,False,True,0,True,1,False
76398,True,False,0,True,1,True
76423,False,True,0,False,0,False
76433,False,True,0,True,1,False
76435,False,True,0,True,1,False
76439,False,True,0,True,2,False
76489,False,True,0,False,1,True
76550,False,True,0,False,0,True
76711,True,False,0,False,0,True
76728,True,False,0,False,0,True
76744,False,True,0,False,0,False
76788,True,False,0,False,0,True
76789,True,False,0,False,0,True
76961,True,False,0,False,0,True
77058,True,False,0,False,0,True
77185,True,False,0,False,0,True
77210,True,False,0,False,0,True
77246,False,True,0,False,1,False
77284,True,False,0,True,1,True
77297,False,True,0,True,1,True
77461,False,True,0,True,2,False
77517,True,False,0,False,0,True
77587,False,True,0,True,1,False
77614,False,True,0,True,1,False
77662,False,True,0,False,0,False
77805,False,True,0,False,0,True
77903,False,True,0,False,0,False
77939,False,True,0,False,0,False
77972,True,False,0,False,0,True
78134,False,True,0,False,0,False
78140,False,True,0,True,1,False
78255,True,False,0,False,0,True
78307,True,False,0,False,0,True
78470,False,True,0,True,1,True
78489,True,False,0,True,1,True
78506,False,True,0,False,1,False
78546,False,True,0,True,1,False
78645,False,True,0,True,2,False
78686,False,True,0,False,0,True
78696,False,True,0,True,1,False
78704,False,True,0,True,1,False
78801,False,True,0,False,0,False
78804,False,True,0,False,0,False
78813,False,True,0,False,0,True
78827,False,True,0,False,0,False
78829,False,True,0,False,0,False
78833,True,False,0,False,0,True
78858,True,False,0,False,0,True
78867,True,False,0,False,0,True
78875,True,False,0,False,0,True
78889,True,False,0,False,0,True
79063,True,False,0,False,0,True
79070,False,True,0,True,1,False
79207,False,True,0,False,0,True
79211,False,True,0,False,1,False
79228,False,True,0,True,1,True
79237,False,True,0,False,0,False
79244,False,True,0,True,1,False
79245,True,False,0,True,1,True
79327,True,False,0,False,0,True
79376,True,False,0,False,0,True
79392,False,True,0,False,0,False
79407,False,True,0,True,2,False
79451,True,False,0,False,0,True
79488,True,False,0,False,0,True
79506,True,False,0,False,0,True
79562,False,True,0,True,1,False
79637,False,True,0,False,0,False
79650,False,True,0,False,0,False
79800,False,True,0,True,1,False
79912,False,True,0,True,1,False
80445,True,False,0,False,0,True
80458,True,False,0,False,0,True
80498,True,False,0,False,0,True
80544,False,True,0,True,2,False
80546,False,True,0,False,0,False
80548,True,False,0,False,0,True
80621,False,True,0,False,1,False
80626,False,True,0,False,0,True
80640,False,True,0,True,1,True
80669,True,False,0,False,0,True
80671,True,False,0,False,1,True
80674,False,True,0,True,1,False
80680,False,True,0,False,0,False
80726,False,True,0,True,1,False
80777,True,False,0,False,0,True
80809,True,False,0,False,0,True
80835,True,False,0,False,0,True
80895,False,True,0,False,0,False
80917,False,True,0,False,0,True
81364,True,False,0,True,1,True
81553,False,True,0,False,1,False
82219,False,True,0,True,2,False
82434,False,True,0,False,0,False
82614,False,False,0,False,0,False
83618,False,True,0,False,0,True
83679,True,False,0,False,1,True
83706,True,False,0,False,0,True
83758,False,True,0,False,0,True
83811,False,True,0,True,1,False
83835,False,True,0,True,1,True
83840,False,True,0,False,1,False
83869,False,True,0,True,1,False
83875,False,True,0,True,2,False
84087,True,False,0,False,1,True
84114,True,False,0,False,0,True
84127,True,False,0,False,0,True
84141,False,True,0,False,0,False
84176,True,False,0,False,0,True
84177,True,False,0,False,0,True
84374,True,False,0,False,0,True
84467,True,False,0,False,1,True
84541,True,False,0,False,0,True
84626,False,True,0,True,1,False
84649,True,False,0,False,0,True
84669,True,False,0,False,0,True
84701,False,True,0,True,1,False
84749,False,True,0,True,1,True
84811,False,True,0,False,0,True
84900,False,True,0,True,2,False
85007,False,True,0,True,1,False
85075,False,True,0,False,0,False
85174,False,True,0,False,1,False
85229,True,False,0,False,1,True
85323,False,True,0,False,0,False
85350,True,False,0,False,0,True
85501,False,True,0,False,0,False
85507,False,True,0,False,1,False
85616,True,False,0,False,0,True
85642,False,True,0,False,0,True
85698,True,False,0,False,1,True
85741,True,False,0,False,0,True
85874,False,True,0,True,1,True
85906,False,True,0,True,1,False
86019,False,True,0,True,2,False
86055,False,True,0,False,0,True
86060,True,False,0,False,0,True
86064,False,True,0,True,1,False
86068,False,True,0,False,1,False
86154,False,True,0,False,0,False
86157,False,True,0,False,0,False
86178,False,True,0,False,0,False
86182,True,False,0,False,0,True
86203,True,False,0,False,1,True
86204,True,False,0,False,0,True
86211,True,False,0,False,0,True
86218,True,False,0,False,0,True
86228,True,False,0,False,0,True
86367,False,True,0,False,0,True
86436,True,False,0,False,1,True
86628,False,True,0,True,1,True
86637,False,True,0,False,0,False
86639,True,False,0,False,1,True
86643,False,True,0,True,1,False
86718,True,False,0,False,0,True
86756,True,False,0,False,0,True
86771,False,True,0,False,0,False
86783,False,True,0,True,2,False
86819,True,False,0,False,0,True
86907,False,True,0,False,1,False
86964,False,True,0,False,0,False
87132,False,True,0,False,1,False
87204,False,True,0,True,1,False
87776,True,False,0,False,1,True
87802,True,False,0,False,0,True
87812,False,True,0,False,0,True
87852,False,True,0,False,1,False
87884,True,False,0,False,1,True
87894,True,False,0,False,0,True
87929,True,False,0,False,0,True
87970,False,True,0,True,2,False
87974,True,False,0,False,0,True
88036,False,True,0,True,1,False
88040,False,True,0,False,0,True
88079,True,False,0,False,0,True
88083,False,True,0,True,1,False
88206,True,False,0,False,0,True
88228,True,False,0,False,0,True
88286,False,True,0,False,0,False
89044,False,True,0,True,2,True
89084,False,True,0,False,1,False
89101,False,True,0,False,1,False
89130,True,False,0,False,0,True
89648,False,True,0,True,2,False
89979,False,False,0,False,0,False
90019,True,False,0,False,1,True
90883,False,True,0,False,0,False
90894,True,False,0,False,0,True
90972,True,False,0,False,1,True
91033,False,True,0,False,0,True
91082,True,False,0,True,1,True
91103,True,False,0,False,1,True
91148,False,True,0,False,0,True
91219,False,True,0,False,1,False
91244,False,True,0,True,1,False
91399,True,False,0,False,1,True
91443,True,False,0,False,0,True
91468,True,False,0,False,0,True
91479,True,False,0,False,0,True
91516,False,True,0,True,2,False
91518,True,False,0,False,0,True
91653,True,False,0,False,0,True
91721,False,True,0,False,0,True
91758,True,False,0,False,0,True
91812,True,False,0,False,0,True
91847,True,False,0,False,1,True
91923,True,False,0,True,1,True
91992,True,False,0,False,1,True
92069,False,True,0,True,1,False
92091,True,False,0,False,0,True
92111,True,False,0,False,0,True
92247,False,True,0,False,0,True
92371,False,True,0,True,2,False
92426,False,True,0,True,1,False
92484,False,True,0,False,0,False
92551,True,False,0,False,0,True
92561,True,False,0,False,1,True
92568,False,True,0,False,0,False
92617,True,False,0,False,0,True
92700,False,True,0,False,0,False
92864,False,True,0,False,1,False
92978,True,False,0,False,0,True
93086,True,False,0,False,1,True
93109,False,True,0,False,0,True
93157,True,False,0,True,1,True
93193,True,False,0,False,1,True
93255,True,False,0,False,0,True
93462,False,True,0,False,0,True
93466,True,False,0,False,0,True
93470,False,True,0,True,1,False
93474,False,True,0,False,1,False
93508,False,True,0,True,2,False
93548,False,True,0,False,0,False
93563,True,False,0,False,1,True
93564,True,False,0,False,0,True
93584,True,False,0,False,0,True
93585,True,False,0,False,0,True
93591,True,False,0,False,0,True
93596,True,False,0,False,0,True
93604,True,False,0,False,0,True
93696,True,False,0,False,0,True
93747,True,False,0,False,0,True
93809,True,False,0,False,1,True
93821,False,True,0,False,0,True
93879,True,False,0,True,1,True
94009,True,False,0,False,1,True
94059,True,False,0,False,0,True
94063,False,True,0,True,1,False
94126,True,False,0,False,0,True
94159,True,False,0,False,0,True
94170,False,True,0,False,0,False
94209,True,False,0,False,2,True
94280,False,True,0,False,1,False
94330,False,True,0,False,0,False
94575,False,True,0,False,1,False
94639,False,True,0,True,1,False
94961,False,True,0,True,2,False
95083,True,False,0,False,0,True
95121,True,False,0,False,0,True
95155,True,False,0,False,1,True
95235,False,True,0,True,2,False
95249,True,False,0,False,0,True
95270,True,False,0,False,1,True
95276,False,True,0,False,0,True
95310,False,True,0,False,1,False
95341,True,False,0,True,1,True
95350,True,False,0,False,0,True
95376,False,True,0,False,0,False
95382,True,False,0,False,1,True
95419,True,False,0,False,0,True
95483,False,True,0,False,0,True
95518,True,False,0,False,0,True
95521,False,True,0,True,1,False
95629,True,False,0,False,0,True
95651,True,False,0,False,0,True
96233,False,True,0,True,1,False
96268,False,True,0,True,1,True
96540,False,True,0,True,2,True
96575,False,True,0,False,1,False
96587,False,True,0,False,0,False
96608,True,False,0,False,0,True
97327,False,False,0,False,0,False
98224,True,False,0,False,0,True
98328,False,True,0,False,0,False
98335,True,False,0,False,0,True
98390,True,False,0,True,1,True
98440,False,True,0,False,1,True
98483,True,False,0,True,1,True
98536,False,True,0,False,0,True
98599,False,True,0,False,0,False
98620,False,True,0,False,1,False
98758,True,False,0,False,0,True
98797,True,False,0,False,0,True
98821,True,False,0,False,0,True
98832,True,False,0,False,0,True
98867,False,True,0,True,2,False
98869,True,False,0,False,0,True
99015,True,False,0,False,0,True
99040,False,True,0,False,0,True
99097,True,False,0,False,0,True
99144,True,False,0,False,0,True
99191,False,True,0,False,0,True
99220,True,False,0,False,0,True
99267,True,False,0,False,0,True
99299,True,False,0,True,1,True
99363,True,False,0,True,1,True
99495,False,True,0,True,1,False
99510,True,False,0,False,0,True
99529,True,False,0,False,0,True
99652,False,True,0,False,1,True
99764,False,True,0,True,2,False
99812,False,True,0,False,1,False
99861,False,True,0,False,0,False
99923,True,False,0,False,0,True
99932,True,False,0,False,0,True
99939,False,True,0,False,0,False
99980,True,False,0,False,0,True
100090,True,False,0,False,0,True
100206,False,True,0,False,0,False
100314,True,False,0,False,0,True
100345,False,True,0,False,0,True
100399,True,False,0,False,0,True
100437,True,False,0,False,0,True
100525,True,False,0,True,1,True
100542,False,True,0,False,1,True
100581,True,False,0,True,1,True
100660,True,False,0,False,0,True
100815,True,False,0,False,0,True
100835,False,True,0,False,0,True
100839,True,False,0,False,0,True
100842,False,True,0,False,1,False
100845,False,True,0,False,0,False
100872,False,True,0,True,2,False
100903,False,True,0,False,0,False
100917,True,False,0,False,0,True
100918,True,False,0,False,0,True
100934,True,False,0,False,0,True
100935,True,False,0,False,0,True
100941,True,False,0,False,0,True
100945,True,False,0,False,0,True
100952,True,False,0,False,0,True
101018,True,False,0,False,0,True
101056,False,True,0,False,0,True
101076,True,False,0,True,1,True
101083,True,False,0,False,0,True
101126,False,True,0,False,0,True
101136,True,False,0,False,0,True
101138,True,False,0,False,0,True
101154,True,False,0,False,0,True
101172,True,False,0,False,0,True
101224,True,False,0,True,1,True
101285,True,False,0,True,1,True
101327,False,True,0,False,1,False
101403,True,False,0,False,0,True
101450,True,False,0,False,0,True
101453,False,True,0,False,1,False
101505,True,False,0,False,0,True
101531,True,False,0,False,0,True
101573,True,False,0,False,0,True
101596,False,True,0,True,2,False
101634,False,True,0,False,0,False
101669,False,True,0,False,0,False
101968,False,True,0,False,0,False
102288,False,True,0,True,2,False
102472,False,True,0,False,0,True
102515,True,False,0,False,0,True
102537,True,False,0,False,0,True
102563,True,False,0,False,0,True
102628,False,True,0,True,2,False
102642,True,False,0,False,0,True
102659,True,False,0,False,1,True
102665,False,True,0,False,1,True
102696,False,True,0,False,0,False
102723,True,False,0,True,1,True
102732,True,False,0,False,0,True
102793,True,False,0,False,0,True
102847,False,True,0,False,0,True
102878,True,False,0,False,0,True
102980,True,False,0,False,0,True
103000,True,False,0,False,0,True
103496,False,True,0,True,2,False
103583,True,False,0,True,1,True
103745,False,True,0,False,1,False
104009,False,True,0,False,1,False
104020,False,True,0,False,0,False
104037,True,False,0,False,0,True
104645,False,False,0,False,0,False
105595,True,False,0,False,0,True
105599,True,False,0,False,0,True
105620,False,True,0,False,0,True
105640,True,False,0,True,1,True
105671,False,True,0,False,0,False
105675,True,False,0,False,1,True
105706,True,False,0,True,2,True
105852,False,True,0,False,0,True
105910,False,True,0,False,0,False
106055,True,False,0,False,0,True
106090,True,False,0,False,0,True
106119,True,False,0,False,0,True
106149,False,True,0,True,2,False
106364,True,False,0,False,0,True
106414,True,False,0,False,0,True
106432,False,True,0,False,0,True
106477,True,False,0,True,1,True
106490,True,False,0,False,0,True
106516,True,False,0,False,1,True
106554,False,True,0,False,0,True
106624,True,False,0,False,0,True
106827,False,True,0,True,1,False
106856,True,False,0,False,0,True
107055,False,True,0,True,2,False
107094,True,False,0,True,2,True
107141,False,True,0,False,0,False
107197,True,False,0,False,0,True
107206,True,False,0,False,0,True
107213,False,True,0,False,0,False
107248,True,False,0,False,0,True
107287,True,False,0,False,0,True
107342,True,False,0,False,0,True
107441,False,True,0,False,0,False
107652,True,False,0,False,0,True
107675,False,True,0,False,0,True
107718,True,False,0,True,1,True
107732,True,False,0,False,0,True
107748,True,False,0,False,1,True
107940,True,False,0,False,0,True
107979,True,False,0,True,2,True
108071,True,False,0,False,0,True
108090,False,True,0,False,0,True
108094,True,False,0,False,0,True
108097,False,True,0,False,0,False
108118,False,True,0,True,2,False
108145,False,True,0,False,0,False
108158,True,False,0,False,0,True
108172,True,False,0,False,0,True
108173,True,False,0,False,0,True
108176,True,False,0,False,0,True
108180,True,False,0,False,0,True
108186,True,False,0,False,0,True
108350,True,False,0,False,0,True
108352,True,False,0,False,0,True
108368,True,False,0,False,0,True
108396,False,True,0,False,0,True
108417,True,False,0,True,1,True
108453,False,True,0,False,0,True
108463,True,False,0,False,0,True
108464,True,False,0,False,1,True
108479,True,False,0,False,0,True
108634,False,True,0,False,1,False
108705,True,False,0,False,0,True
108740,True,False,0,False,0,True
108784,True,False,0,False,0,True
108837,True,False,0,False,0,True
108857,False,True,0,True,2,False
108893,False,True,0,False,0,False
108922,False,True,0,False,0,False
109104,True,False,0,False,0,True
109551,True,False,0,True,2,True
109571,False,True,0,True,2,False
109683,True,False,0,False,0,True
109758,True,False,0,False,0,True
109812,True,False,0,False,0,True
109850,False,True,0,False,0,True
109890,True,False,0,True,1,True
109910,True,False,0,False,1,True
109931,True,False,0,False,0,True
109937,True,False,0,True,2,True
109993,False,True,0,True,2,False
110006,True,False,0,False,0,True
110053,False,True,0,False,0,False
110087,True,False,0,False,0,True
110143,True,False,0,False,0,True
110192,False,True,0,False,0,True
110219,True,False,0,False,0,True
110307,True,False,0,False,1,True
110708,False,True,0,False,0,False
110776,True,False,0,False,0,True
110982,False,True,0,True,2,False
111391,False,True,0,False,1,False
111415,True,False,0,False,0,True
111596,False,True,0,False,2,False
